{"_via_settings":{"ui":{"annotation_editor_height":25,"annotation_editor_fontsize":0.8,"leftsidebar_width":18,"image_grid":{"img_height":80,"rshape_fill":"none","rshape_fill_opacity":0.3,"rshape_stroke":"yellow","rshape_stroke_width":2,"show_region_shape":true,"show_image_policy":"all"},"image":{"region_label":"__via_region_id__","region_color":"__via_default_region_color__","region_label_font":"10px Sans","on_image_annotation_editor_placement":"NEAR_REGION"}},"core":{"buffer_size":18,"filepath":{},"default_filepath":""},"project":{"name":"common_core_myname"}},"_via_img_metadata":{"Ghost_img_D00270069.jpg43983":{"filename":"Ghost_img_D00270069.jpg","size":43983,"regions":[],"file_attributes":{}},"Ghost_img_D00277613.jpg34841":{"filename":"Ghost_img_D00277613.jpg","size":34841,"regions":[],"file_attributes":{}},"Ghost_img_D00158776.jpg39523":{"filename":"Ghost_img_D00158776.jpg","size":39523,"regions":[],"file_attributes":{}},"Ghost_img_D00478382.jpg36077":{"filename":"Ghost_img_D00478382.jpg","size":36077,"regions":[],"file_attributes":{}},"Ghost_img_D00575695.jpg38903":{"filename":"Ghost_img_D00575695.jpg","size":38903,"regions":[],"file_attributes":{}},"Ghost_img_D00247980.jpg36138":{"filename":"Ghost_img_D00247980.jpg","size":36138,"regions":[],"file_attributes":{}},"Ghost_img_D00675260.jpg37795":{"filename":"Ghost_img_D00675260.jpg","size":37795,"regions":[],"file_attributes":{}},"Ghost_img_D00781966.jpg38605":{"filename":"Ghost_img_D00781966.jpg","size":38605,"regions":[],"file_attributes":{}},"Ghost_img_D00158660.jpg36034":{"filename":"Ghost_img_D00158660.jpg","size":36034,"regions":[],"file_attributes":{}},"Ghost_img_D00179350.jpg37240":{"filename":"Ghost_img_D00179350.jpg","size":37240,"regions":[],"file_attributes":{}},"Ghost_img_D00718625.jpg38470":{"filename":"Ghost_img_D00718625.jpg","size":38470,"regions":[],"file_attributes":{}},"Ghost_img_D00244282.jpg35376":{"filename":"Ghost_img_D00244282.jpg","size":35376,"regions":[],"file_attributes":{}},"Ghost_img_D00158669.jpg36514":{"filename":"Ghost_img_D00158669.jpg","size":36514,"regions":[],"file_attributes":{}},"Ghost_img_D00277061.jpg34844":{"filename":"Ghost_img_D00277061.jpg","size":34844,"regions":[],"file_attributes":{}},"Ghost_img_D00784509.jpg37517":{"filename":"Ghost_img_D00784509.jpg","size":37517,"regions":[],"file_attributes":{}},"Ghost_img_D00573143.jpg36874":{"filename":"Ghost_img_D00573143.jpg","size":36874,"regions":[],"file_attributes":{}},"Ghost_img_D00262252.jpg34899":{"filename":"Ghost_img_D00262252.jpg","size":34899,"regions":[],"file_attributes":{}},"Ghost_img_D00792103.jpg38711":{"filename":"Ghost_img_D00792103.jpg","size":38711,"regions":[],"file_attributes":{}},"Ghost_img_D00252908.jpg38006":{"filename":"Ghost_img_D00252908.jpg","size":38006,"regions":[],"file_attributes":{}},"Ghost_img_D00582392.jpg33516":{"filename":"Ghost_img_D00582392.jpg","size":33516,"regions":[],"file_attributes":{}},"Ghost_img_D00397727.jpg36025":{"filename":"Ghost_img_D00397727.jpg","size":36025,"regions":[],"file_attributes":{}},"Ghost_img_D00282963.jpg36071":{"filename":"Ghost_img_D00282963.jpg","size":36071,"regions":[],"file_attributes":{}},"Ghost_img_D00164818.jpg35736":{"filename":"Ghost_img_D00164818.jpg","size":35736,"regions":[],"file_attributes":{}},"Ghost_img_D00486488.jpg34263":{"filename":"Ghost_img_D00486488.jpg","size":34263,"regions":[],"file_attributes":{}},"Ghost_img_D00179942.jpg39031":{"filename":"Ghost_img_D00179942.jpg","size":39031,"regions":[],"file_attributes":{}},"Ghost_img_D00410118.jpg38951":{"filename":"Ghost_img_D00410118.jpg","size":38951,"regions":[],"file_attributes":{}},"Ghost_img_D00158759.jpg36914":{"filename":"Ghost_img_D00158759.jpg","size":36914,"regions":[],"file_attributes":{}},"Ghost_img_D00260302.jpg41221":{"filename":"Ghost_img_D00260302.jpg","size":41221,"regions":[],"file_attributes":{}},"Ghost_img_D00269574.jpg35545":{"filename":"Ghost_img_D00269574.jpg","size":35545,"regions":[],"file_attributes":{}},"Ghost_img_D00243671.jpg43091":{"filename":"Ghost_img_D00243671.jpg","size":43091,"regions":[],"file_attributes":{}},"Ghost_img_D00773334.jpg39587":{"filename":"Ghost_img_D00773334.jpg","size":39587,"regions":[],"file_attributes":{}},"Ghost_img_D00269557.jpg35103":{"filename":"Ghost_img_D00269557.jpg","size":35103,"regions":[],"file_attributes":{}},"Ghost_img_D00361535.jpg37956":{"filename":"Ghost_img_D00361535.jpg","size":37956,"regions":[],"file_attributes":{}},"Ghost_img_D00276377.jpg35940":{"filename":"Ghost_img_D00276377.jpg","size":35940,"regions":[],"file_attributes":{}},"Ghost_img_D00670010.jpg39670":{"filename":"Ghost_img_D00670010.jpg","size":39670,"regions":[],"file_attributes":{}},"Ghost_img_D00409444.jpg39984":{"filename":"Ghost_img_D00409444.jpg","size":39984,"regions":[],"file_attributes":{}},"Ghost_img_D00720422.jpg42893":{"filename":"Ghost_img_D00720422.jpg","size":42893,"regions":[],"file_attributes":{}},"Ghost_img_D00572329.jpg35105":{"filename":"Ghost_img_D00572329.jpg","size":35105,"regions":[],"file_attributes":{}},"Ghost_img_D00163439.jpg34766":{"filename":"Ghost_img_D00163439.jpg","size":34766,"regions":[],"file_attributes":{}},"Ghost_img_D00239420.jpg34257":{"filename":"Ghost_img_D00239420.jpg","size":34257,"regions":[],"file_attributes":{}},"Ghost_img_D00252943.jpg40813":{"filename":"Ghost_img_D00252943.jpg","size":40813,"regions":[],"file_attributes":{}},"Ghost_img_D00253822.jpg35095":{"filename":"Ghost_img_D00253822.jpg","size":35095,"regions":[],"file_attributes":{}},"Ghost_img_D00713939.jpg37442":{"filename":"Ghost_img_D00713939.jpg","size":37442,"regions":[],"file_attributes":{}},"Ghost_img_D00268438.jpg39338":{"filename":"Ghost_img_D00268438.jpg","size":39338,"regions":[],"file_attributes":{}},"Ghost_img_D00773729.jpg37047":{"filename":"Ghost_img_D00773729.jpg","size":37047,"regions":[],"file_attributes":{}},"Ghost_img_D00259351.jpg36141":{"filename":"Ghost_img_D00259351.jpg","size":36141,"regions":[],"file_attributes":{}},"Ghost_img_D00704854.jpg38370":{"filename":"Ghost_img_D00704854.jpg","size":38370,"regions":[],"file_attributes":{}},"Ghost_img_D00691498.jpg35615":{"filename":"Ghost_img_D00691498.jpg","size":35615,"regions":[],"file_attributes":{}},"Ghost_img_D00482420.jpg32809":{"filename":"Ghost_img_D00482420.jpg","size":32809,"regions":[],"file_attributes":{}},"Ghost_img_D00239308.jpg36762":{"filename":"Ghost_img_D00239308.jpg","size":36762,"regions":[],"file_attributes":{}}},"_via_attributes":{"region":{"Type":{"type":"dropdown","description":"","options":{"Bright":"","Faint":"","Rays":""},"default_options":{"Faint":true}}},"file":{}},"_via_data_format_version":"2.0.10","_via_image_id_list":["Ghost_img_D00270069.jpg43983","Ghost_img_D00277613.jpg34841","Ghost_img_D00158776.jpg39523","Ghost_img_D00478382.jpg36077","Ghost_img_D00575695.jpg38903","Ghost_img_D00247980.jpg36138","Ghost_img_D00675260.jpg37795","Ghost_img_D00781966.jpg38605","Ghost_img_D00158660.jpg36034","Ghost_img_D00179350.jpg37240","Ghost_img_D00718625.jpg38470","Ghost_img_D00244282.jpg35376","Ghost_img_D00158669.jpg36514","Ghost_img_D00277061.jpg34844","Ghost_img_D00784509.jpg37517","Ghost_img_D00573143.jpg36874","Ghost_img_D00262252.jpg34899","Ghost_img_D00792103.jpg38711","Ghost_img_D00252908.jpg38006","Ghost_img_D00582392.jpg33516","Ghost_img_D00397727.jpg36025","Ghost_img_D00282963.jpg36071","Ghost_img_D00164818.jpg35736","Ghost_img_D00486488.jpg34263","Ghost_img_D00179942.jpg39031","Ghost_img_D00410118.jpg38951","Ghost_img_D00158759.jpg36914","Ghost_img_D00260302.jpg41221","Ghost_img_D00269574.jpg35545","Ghost_img_D00243671.jpg43091","Ghost_img_D00773334.jpg39587","Ghost_img_D00269557.jpg35103","Ghost_img_D00361535.jpg37956","Ghost_img_D00276377.jpg35940","Ghost_img_D00670010.jpg39670","Ghost_img_D00409444.jpg39984","Ghost_img_D00720422.jpg42893","Ghost_img_D00572329.jpg35105","Ghost_img_D00163439.jpg34766","Ghost_img_D00239420.jpg34257","Ghost_img_D00252943.jpg40813","Ghost_img_D00253822.jpg35095","Ghost_img_D00713939.jpg37442","Ghost_img_D00268438.jpg39338","Ghost_img_D00773729.jpg37047","Ghost_img_D00259351.jpg36141","Ghost_img_D00704854.jpg38370","Ghost_img_D00691498.jpg35615","Ghost_img_D00482420.jpg32809","Ghost_img_D00239308.jpg36762"]}