{"_via_settings":{"ui":{"annotation_editor_height":25,"annotation_editor_fontsize":0.8,"leftsidebar_width":18,"image_grid":{"img_height":80,"rshape_fill":"none","rshape_fill_opacity":0.3,"rshape_stroke":"yellow","rshape_stroke_width":2,"show_region_shape":true,"show_image_policy":"all"},"image":{"region_label":"Type","region_color":"Type","region_label_font":"10px Sans","on_image_annotation_editor_placement":"NEAR_REGION"}},"core":{"buffer_size":18,"filepath":{},"default_filepath":""},"project":{"name":"Dimitris_1"}},"_via_img_metadata":{"Ghost_img_D00237996.jpg39726":{"filename":"Ghost_img_D00237996.jpg","size":39726,"regions":[{"shape_attributes":{"name":"polyline","all_points_x":[328,319,139,141,260,172,180,310,202,204,315,221,239,378,380,351,352,328],"all_points_y":[76,99,141,155,131,181,201,145,218,224,168,237,252,156,108,106,75,76]},"region_attributes":{"Type":"Rays"}}],"file_attributes":{}},"Ghost_img_D00392686.jpg34203":{"filename":"Ghost_img_D00392686.jpg","size":34203,"regions":[{"shape_attributes":{"name":"circle","cx":251,"cy":172,"r":14.142},"region_attributes":{"Type":"Bright"}},{"shape_attributes":{"name":"circle","cx":179,"cy":210,"r":35.014},"region_attributes":{"Type":"Faint"}}],"file_attributes":{}},"Ghost_img_D00704855.jpg39578":{"filename":"Ghost_img_D00704855.jpg","size":39578,"regions":[{"shape_attributes":{"name":"circle","cx":245,"cy":81,"r":15},"region_attributes":{"Type":"Bright"}},{"shape_attributes":{"name":"circle","cx":226,"cy":127,"r":78.791},"region_attributes":{"Type":"Faint"}},{"shape_attributes":{"name":"circle","cx":215,"cy":164,"r":123},"region_attributes":{"Type":"Faint"}},{"shape_attributes":{"name":"polyline","all_points_x":[239,287,291,280,255,234,238],"all_points_y":[11,12,43,55,58,35,12]},"region_attributes":{"Type":"Bright"}},{"shape_attributes":{"name":"ellipse","cx":158,"cy":314,"rx":36.401,"ry":19,"theta":0.365},"region_attributes":{"Type":"Bright"}},{"shape_attributes":{"name":"polyline","all_points_x":[77,81,81,110,134,163,199,186,156,121,98,77,76,77],"all_points_y":[328,328,358,358,346,362,358,334,337,309,308,318,323,328]},"region_attributes":{"Type":"Faint"}},{"shape_attributes":{"name":"circle","cx":266,"cy":24,"r":17},"region_attributes":{"Type":"Bright"}}],"file_attributes":{}},"Ghost_img_D00233402.jpg36852":{"filename":"Ghost_img_D00233402.jpg","size":36852,"regions":[{"shape_attributes":{"name":"polyline","all_points_x":[79,77,104,111,128,144,122,109,79],"all_points_y":[48,85,92,74,91,66,45,44,46]},"region_attributes":{"Type":"Rays"}}],"file_attributes":{}},"Ghost_img_D00158776.jpg39523":{"filename":"Ghost_img_D00158776.jpg","size":39523,"regions":[{"shape_attributes":{"name":"polyline","all_points_x":[380,380,397,398,347,319,286,218,191,313,330,379],"all_points_y":[117,168,170,199,227,193,202,187,176,149,106,117]},"region_attributes":{"Type":"Rays"}}],"file_attributes":{}},"Ghost_img_D00159567.jpg38021":{"filename":"Ghost_img_D00159567.jpg","size":38021,"regions":[{"shape_attributes":{"name":"polyline","all_points_x":[315,244,320,362,346,345,315,315],"all_points_y":[335,312,224,283,284,321,325,336]},"region_attributes":{"Type":"Rays"}}],"file_attributes":{}},"Ghost_img_D00262262.jpg34531":{"filename":"Ghost_img_D00262262.jpg","size":34531,"regions":[{"shape_attributes":{"name":"polyline","all_points_x":[81,101,114,91,81,82],"all_points_y":[45,43,76,83,75,45]},"region_attributes":{"Type":"Rays"}},{"shape_attributes":{"name":"polyline","all_points_x":[112,112,124,155,135,111],"all_points_y":[36,13,13,43,66,36]},"region_attributes":{"Type":"Rays"}}],"file_attributes":{}},"Ghost_img_D00397397.jpg33674":{"filename":"Ghost_img_D00397397.jpg","size":33674,"regions":[{"shape_attributes":{"name":"circle","cx":77,"cy":185,"r":18.868},"region_attributes":{"Type":"Faint"}}],"file_attributes":{}},"Ghost_img_D00233510.jpg36825":{"filename":"Ghost_img_D00233510.jpg","size":36825,"regions":[{"shape_attributes":{"name":"polyline","all_points_x":[0,57,28,68,66,18,19,1,1],"all_points_y":[184,185,168,163,148,150,166,171,186]},"region_attributes":{"Type":"Rays"}},{"shape_attributes":{"name":"polyline","all_points_x":[4,20,33,33,2,2],"all_points_y":[225,228,208,202,202,223]},"region_attributes":{"Type":"Rays"}}],"file_attributes":{}},"Ghost_img_D00698804.jpg36319":{"filename":"Ghost_img_D00698804.jpg","size":36319,"regions":[{"shape_attributes":{"name":"circle","cx":95,"cy":91,"r":16.031},"region_attributes":{"Type":"Bright"}},{"shape_attributes":{"name":"circle","cx":139,"cy":141,"r":79.006},"region_attributes":{"Type":"Faint"}},{"shape_attributes":{"name":"circle","cx":172,"cy":177,"r":121},"region_attributes":{"Type":"Faint"}},{"shape_attributes":{"name":"ellipse","cx":325,"cy":332,"rx":34.655,"ry":8,"theta":2.377},"region_attributes":{"Type":"Bright"}},{"shape_attributes":{"name":"polyline","all_points_x":[59,79,89,79,55],"all_points_y":[72,104,78,70,71]},"region_attributes":{"Type":"Rays"}}],"file_attributes":{}},"Ghost_img_D00180575.jpg37079":{"filename":"Ghost_img_D00180575.jpg","size":37079,"regions":[{"shape_attributes":{"name":"polyline","all_points_x":[153,224,222,240,219,164,153,164,154],"all_points_y":[11,12,26,55,66,67,60,27,11]},"region_attributes":{"Type":"Rays"}}],"file_attributes":{}},"Ghost_img_D00269295.jpg36053":{"filename":"Ghost_img_D00269295.jpg","size":36053,"regions":[{"shape_attributes":{"name":"polyline","all_points_x":[234,234,248,248,257,257,275,272,233],"all_points_y":[8,39,36,14,21,37,36,9,9]},"region_attributes":{"Type":"Rays"}}],"file_attributes":{}},"Ghost_img_D00157823.jpg36963":{"filename":"Ghost_img_D00157823.jpg","size":36963,"regions":[{"shape_attributes":{"name":"ellipse","cx":141,"cy":154,"rx":32,"ry":40.706,"theta":-2.656},"region_attributes":{"Type":"Faint"}},{"shape_attributes":{"name":"ellipse","cx":302,"cy":223,"rx":15,"ry":14,"theta":0},"region_attributes":{"Type":"Bright"}},{"shape_attributes":{"name":"ellipse","cx":278,"cy":262,"rx":17.029,"ry":16,"theta":-0.059},"region_attributes":{"Type":"Bright"}},{"shape_attributes":{"name":"circle","cx":312,"cy":285,"r":16},"region_attributes":{"Type":"Bright"}},{"shape_attributes":{"name":"circle","cx":314,"cy":286,"r":29.411},"region_attributes":{"Type":"Faint"}},{"shape_attributes":{"name":"polyline","all_points_x":[135,140,158,148,159,166,169,164,137,132,135],"all_points_y":[387,345,346,387,384,366,390,393,392,391,385]},"region_attributes":{"Type":"Rays"}}],"file_attributes":{}},"Ghost_img_D00682166.jpg43336":{"filename":"Ghost_img_D00682166.jpg","size":43336,"regions":[{"shape_attributes":{"name":"circle","cx":199,"cy":114,"r":17.029},"region_attributes":{"Type":"Bright"}},{"shape_attributes":{"name":"circle","cx":203,"cy":78,"r":28.284},"region_attributes":{"Type":"Bright"}},{"shape_attributes":{"name":"circle","cx":200,"cy":261,"r":36},"region_attributes":{"Type":"Bright"}},{"shape_attributes":{"name":"circle","cx":199,"cy":149,"r":78.006},"region_attributes":{"Type":"Faint"}},{"shape_attributes":{"name":"circle","cx":200,"cy":162,"r":128.004},"region_attributes":{"Type":"Faint"}},{"shape_attributes":{"name":"polyline","all_points_x":[123,106,127,159,235,273,289,289,277,231,232,166,165,124],"all_points_y":[390,339,280,261,257,283,324,377,390,391,358,358,392,391]},"region_attributes":{"Type":"Faint"}}],"file_attributes":{}},"Ghost_img_D00269664.jpg35499":{"filename":"Ghost_img_D00269664.jpg","size":35499,"regions":[{"shape_attributes":{"name":"polyline","all_points_x":[163,154,155,165,170,174,182,184,198,203,206,219,233,219,244,251,226,210,171,167,163],"all_points_y":[15,60,100,109,55,101,101,64,70,125,63,135,134,69,142,138,42,42,41,16,16]},"region_attributes":{"Type":"Rays"}},{"shape_attributes":{"name":"polyline","all_points_x":[329,300,329,344,343,319,346,333,346,357,349,351,330],"all_points_y":[74,97,89,78,88,116,104,124,128,110,105,76,74]},"region_attributes":{"Type":"Rays"}}],"file_attributes":{}},"Ghost_img_D00263565.jpg34582":{"filename":"Ghost_img_D00263565.jpg","size":34582,"regions":[{"shape_attributes":{"name":"polyline","all_points_x":[341,272,293,295,348,350,350,341],"all_points_y":[327,302,297,279,304,306,324,328]},"region_attributes":{"Type":"Rays"}},{"shape_attributes":{"name":"polyline","all_points_x":[312,361,381,343,347,327,314],"all_points_y":[258,297,293,244,264,261,259]},"region_attributes":{"Type":"Rays"}},{"shape_attributes":{"name":"polyline","all_points_x":[33,1,1,24,20,39,52,46,32],"all_points_y":[184,184,168,168,121,122,147,171,185]},"region_attributes":{"Type":"Faint"}}],"file_attributes":{}},"Ghost_img_D00580885.jpg37254":{"filename":"Ghost_img_D00580885.jpg","size":37254,"regions":[{"shape_attributes":{"name":"polyline","all_points_x":[384,384,353,339,358,376,376,364,351,352,384],"all_points_y":[203,219,213,184,158,156,169,171,186,201,204]},"region_attributes":{"Type":"Faint"}},{"shape_attributes":{"name":"circle","cx":319,"cy":192,"r":16},"region_attributes":{"Type":"Bright"}},{"shape_attributes":{"name":"circle","cx":374,"cy":188,"r":21},"region_attributes":{"Type":"Bright"}},{"shape_attributes":{"name":"circle","cx":190,"cy":122,"r":13},"region_attributes":{"Type":"Bright"}},{"shape_attributes":{"name":"ellipse","cx":97,"cy":208,"rx":26,"ry":41,"theta":0},"region_attributes":{"Type":"Faint"}}],"file_attributes":{}},"Ghost_img_D00269603.jpg34221":{"filename":"Ghost_img_D00269603.jpg","size":34221,"regions":[{"shape_attributes":{"name":"circle","cx":123,"cy":175,"r":15.033},"region_attributes":{"Type":"Bright"}},{"shape_attributes":{"name":"polyline","all_points_x":[19,80,83,83,63,77,74,20,20],"all_points_y":[255,201,198,216,233,238,246,276,256]},"region_attributes":{"Type":"Rays"}},{"shape_attributes":{"name":"polyline","all_points_x":[18,82,81,56,28,21,19],"all_points_y":[288,267,279,292,295,295,289]},"region_attributes":{"Type":"Rays"}}],"file_attributes":{}},"Ghost_img_D00691256.jpg37119":{"filename":"Ghost_img_D00691256.jpg","size":37119,"regions":[{"shape_attributes":{"name":"circle","cx":322,"cy":130,"r":16},"region_attributes":{"Type":"Bright"}},{"shape_attributes":{"name":"ellipse","cx":69,"cy":276,"rx":15.811,"ry":40,"theta":-0.606},"region_attributes":{"Type":"Faint"}}],"file_attributes":{}},"Ghost_img_D00567860.jpg37537":{"filename":"Ghost_img_D00567860.jpg","size":37537,"regions":[{"shape_attributes":{"name":"circle","cx":262,"cy":245,"r":23.022},"region_attributes":{"Type":"Bright"}},{"shape_attributes":{"name":"circle","cx":246,"cy":232,"r":12.53},"region_attributes":{"Type":"Bright"}},{"shape_attributes":{"name":"ellipse","cx":174,"cy":184,"rx":39,"ry":36.125,"theta":-0.083},"region_attributes":{"Type":"Faint"}}],"file_attributes":{}},"Ghost_img_D00276974.jpg41070":{"filename":"Ghost_img_D00276974.jpg","size":41070,"regions":[{"shape_attributes":{"name":"circle","cx":159,"cy":276,"r":14.56},"region_attributes":{"Type":"Bright"}},{"shape_attributes":{"name":"circle","cx":143,"cy":305,"r":29},"region_attributes":{"Type":"Bright"}},{"shape_attributes":{"name":"circle","cx":227,"cy":148,"r":38},"region_attributes":{"Type":"Bright"}},{"shape_attributes":{"name":"ellipse","cx":262,"cy":89,"rx":48.042,"ry":40,"theta":-0.042},"region_attributes":{"Type":"Faint"}},{"shape_attributes":{"name":"circle","cx":177,"cy":247,"r":77.104},"region_attributes":{"Type":"Faint"}},{"shape_attributes":{"name":"circle","cx":181,"cy":243,"r":101.203},"region_attributes":{"Type":"Faint"}},{"shape_attributes":{"name":"circle","cx":188,"cy":222,"r":129.016},"region_attributes":{"Type":"Faint"}},{"shape_attributes":{"name":"polyline","all_points_x":[88,91,127,179,128,105,90,88],"all_points_y":[310,352,375,353,341,325,312,311]},"region_attributes":{"Type":"Faint"}}],"file_attributes":{}},"Ghost_img_D00410193.jpg38475":{"filename":"Ghost_img_D00410193.jpg","size":38475,"regions":[{"shape_attributes":{"name":"circle","cx":91,"cy":232,"r":16.125},"region_attributes":{"Type":"Bright"}},{"shape_attributes":{"name":"circle","cx":123,"cy":222,"r":14.213},"region_attributes":{"Type":"Bright"}},{"shape_attributes":{"name":"ellipse","cx":251,"cy":181,"rx":30.017,"ry":35,"theta":0.033},"region_attributes":{"Type":"Faint"}},{"shape_attributes":{"name":"circle","cx":91,"cy":234,"r":22.825},"region_attributes":{"Type":"Faint"}}],"file_attributes":{}},"Ghost_img_D00687294.jpg36807":{"filename":"Ghost_img_D00687294.jpg","size":36807,"regions":[{"shape_attributes":{"name":"circle","cx":263,"cy":125,"r":12.369},"region_attributes":{"Type":"Bright"}},{"shape_attributes":{"name":"circle","cx":262,"cy":128,"r":24.083},"region_attributes":{"Type":"Bright"}},{"shape_attributes":{"name":"circle","cx":169,"cy":235,"r":40},"region_attributes":{"Type":"Faint"}},{"shape_attributes":{"name":"polyline","all_points_x":[110,148,237,284,321,260,241,233,204,169,145,169,123,91,74,87,97,125],"all_points_y":[269,306,324,288,245,201,230,240,237,225,175,136,101,140,198,233,259,284]},"region_attributes":{"Type":"Faint"}}],"file_attributes":{}},"Ghost_img_D00260520.jpg37479":{"filename":"Ghost_img_D00260520.jpg","size":37479,"regions":[{"shape_attributes":{"name":"ellipse","cx":340,"cy":230,"rx":18,"ry":39.812,"theta":0.202},"region_attributes":{"Type":"Bright"}},{"shape_attributes":{"name":"circle","cx":67,"cy":168,"r":15},"region_attributes":{"Type":"Bright"}},{"shape_attributes":{"name":"circle","cx":114,"cy":183,"r":78.638},"region_attributes":{"Type":"Faint"}},{"shape_attributes":{"name":"circle","cx":167,"cy":194,"r":123.175},"region_attributes":{"Type":"Faint"}},{"shape_attributes":{"name":"polyline","all_points_x":[379,335,352,330,336,375,354,399,399,379,380],"all_points_y":[116,127,136,154,170,166,187,182,171,170,117]},"region_attributes":{"Type":"Rays"}}],"file_attributes":{}},"Ghost_img_D00239303.jpg37239":{"filename":"Ghost_img_D00239303.jpg","size":37239,"regions":[{"shape_attributes":{"name":"polyline","all_points_x":[20,148,147,88,44,43,116,72,52,51,0,0,19,19,22],"all_points_y":[140,146,158,158,149,171,195,201,197,185,185,167,167,141,141]},"region_attributes":{"Type":"Rays"}},{"shape_attributes":{"name":"polyline","all_points_x":[81,130,92,98,80,80],"all_points_y":[68,65,56,43,43,67]},"region_attributes":{"Type":"Rays"}},{"shape_attributes":{"name":"polyline","all_points_x":[110,131,170,155,117,113,91,108,108,108],"all_points_y":[373,359,307,303,345,321,356,357,370,371]},"region_attributes":{"Type":"Rays"}}],"file_attributes":{}},"Ghost_img_D00231048.jpg37973":{"filename":"Ghost_img_D00231048.jpg","size":37973,"regions":[{"shape_attributes":{"name":"circle","cx":230,"cy":281,"r":16.125},"region_attributes":{"Type":"Bright"}},{"shape_attributes":{"name":"circle","cx":244,"cy":315,"r":15.033},"region_attributes":{"Type":"Bright"}},{"shape_attributes":{"name":"ellipse","cx":181,"cy":142,"rx":29,"ry":42.438,"theta":0.601},"region_attributes":{"Type":"Faint"}}],"file_attributes":{}},"Ghost_img_D00589019.jpg38363":{"filename":"Ghost_img_D00589019.jpg","size":38363,"regions":[{"shape_attributes":{"name":"ellipse","cx":117,"cy":282,"rx":38,"ry":24.759,"theta":-2.328},"region_attributes":{"Type":"Bright"}},{"shape_attributes":{"name":"circle","cx":289,"cy":109,"r":14},"region_attributes":{"Type":"Bright"}},{"shape_attributes":{"name":"polyline","all_points_x":[351,336,308,298,299,316,322,322,304,307,338,343,350,350],"all_points_y":[95,102,100,75,57,42,43,67,69,86,87,75,75,96]},"region_attributes":{"Type":"Bright"}},{"shape_attributes":{"name":"circle","cx":254,"cy":148,"r":77},"region_attributes":{"Type":"Faint"}},{"shape_attributes":{"name":"circle","cx":229,"cy":171,"r":125.016},"region_attributes":{"Type":"Faint"}}],"file_attributes":{}},"Ghost_img_D00374799.jpg35259":{"filename":"Ghost_img_D00374799.jpg","size":35259,"regions":[{"shape_attributes":{"name":"ellipse","cx":76,"cy":303,"rx":14,"ry":37.537,"theta":-0.729},"region_attributes":{"Type":"Bright"}},{"shape_attributes":{"name":"polyline","all_points_x":[84,112,190,293,337,348,277,243,188,147,83],"all_points_y":[205,272,322,304,246,205,187,242,232,198,205]},"region_attributes":{"Type":"Faint"}},{"shape_attributes":{"name":"polyline","all_points_x":[303,308,321,322,307,296,296,302],"all_points_y":[114,106,107,97,93,99,111,115]},"region_attributes":{"Type":"Faint"}}],"file_attributes":{}},"Ghost_img_D00232191.jpg39832":{"filename":"Ghost_img_D00232191.jpg","size":39832,"regions":[{"shape_attributes":{"name":"polyline","all_points_x":[187,160,164,181,198,203,213,218,218,219,238,252,257,258,253,246,188],"all_points_y":[12,85,108,122,86,45,20,22,56,92,126,141,133,120,49,12,11]},"region_attributes":{"Type":"Rays"}}],"file_attributes":{}},"Ghost_img_D00803215.jpg41976":{"filename":"Ghost_img_D00803215.jpg","size":41976,"regions":[{"shape_attributes":{"name":"circle","cx":165,"cy":41,"r":17},"region_attributes":{"Type":"Bright"}},{"shape_attributes":{"name":"polyline","all_points_x":[138,296,325,305,258,216,181,131,95,77,71,83,120,138],"all_points_y":[284,252,175,104,68,47,51,63,96,124,193,240,276,285]},"region_attributes":{"Type":"Faint"}},{"shape_attributes":{"name":"polyline","all_points_x":[135,108,101,128,242,261,238,194,176,134],"all_points_y":[41,64,113,167,159,101,46,29,29,39]},"region_attributes":{"Type":"Faint"}},{"shape_attributes":{"name":"polyline","all_points_x":[115,112,138,187,178,115],"all_points_y":[12,43,24,23,9,12]},"region_attributes":{"Type":"Rays"}}],"file_attributes":{}},"Ghost_img_D00691561.jpg32073":{"filename":"Ghost_img_D00691561.jpg","size":32073,"regions":[{"shape_attributes":{"name":"circle","cx":117,"cy":66,"r":17},"region_attributes":{"Type":"Rays"}},{"shape_attributes":{"name":"circle","cx":194,"cy":184,"r":125},"region_attributes":{"Type":"Faint"}}],"file_attributes":{}},"Ghost_img_D00579770.jpg40076":{"filename":"Ghost_img_D00579770.jpg","size":40076,"regions":[{"shape_attributes":{"name":"circle","cx":72,"cy":116,"r":24.083},"region_attributes":{"Type":"Bright"}},{"shape_attributes":{"name":"polyline","all_points_x":[97,102,114,126,134,134,128,120,98],"all_points_y":[140,155,156,155,144,132,129,142,142]},"region_attributes":{"Type":"Faint"}},{"shape_attributes":{"name":"ellipse","cx":269,"cy":247,"rx":40.361,"ry":26,"theta":2.304},"region_attributes":{"Type":"Faint"}},{"shape_attributes":{"name":"polyline","all_points_x":[119,178,144,101,102,123],"all_points_y":[113,101,78,94,117,113]},"region_attributes":{"Type":"Faint"}}],"file_attributes":{}},"Ghost_img_D00253153.jpg36294":{"filename":"Ghost_img_D00253153.jpg","size":36294,"regions":[{"shape_attributes":{"name":"circle","cx":220,"cy":61,"r":16},"region_attributes":{"Type":"Bright"}},{"shape_attributes":{"name":"polyline","all_points_x":[202,261,253,221,204,202],"all_points_y":[12,10,27,32,24,12]},"region_attributes":{"Type":"Bright"}},{"shape_attributes":{"name":"ellipse","cx":176,"cy":344,"rx":39,"ry":15.133,"theta":-3.009},"region_attributes":{"Type":"Bright"}},{"shape_attributes":{"name":"polyline","all_points_x":[380,397,397,380,380,351,374,368,329,357,334,362,378],"all_points_y":[233,233,172,170,159,140,174,184,182,195,216,215,230]},"region_attributes":{"Type":"Rays"}},{"shape_attributes":{"name":"polyline","all_points_x":[65,92,186,299,337,265,230,179,138,65],"all_points_y":[184,267,317,281,193,174,226,230,182,186]},"region_attributes":{"Type":"Faint"}},{"shape_attributes":{"name":"circle","cx":205,"cy":126,"r":81},"region_attributes":{"Type":"Faint"}}],"file_attributes":{}},"Ghost_img_D00361535.jpg37956":{"filename":"Ghost_img_D00361535.jpg","size":37956,"regions":[{"shape_attributes":{"name":"polyline","all_points_x":[319,309,309,328,344,349,323,319],"all_points_y":[58,65,85,93,89,78,74,61]},"region_attributes":{"Type":"Bright"}},{"shape_attributes":{"name":"ellipse","cx":127,"cy":275,"rx":34.986,"ry":27,"theta":0.54},"region_attributes":{"Type":"Faint"}}],"file_attributes":{}},"Ghost_img_D00240787.jpg37850":{"filename":"Ghost_img_D00240787.jpg","size":37850,"regions":[{"shape_attributes":{"name":"polyline","all_points_x":[274,228,239,288,287,275],"all_points_y":[13,64,85,24,13,13]},"region_attributes":{"Type":"Rays"}},{"shape_attributes":{"name":"polyline","all_points_x":[296,265,266,298,298,306,309,296],"all_points_y":[45,95,119,77,64,76,43,44]},"region_attributes":{"Type":"Rays"}}],"file_attributes":{}},"Ghost_img_D00489445.jpg37609":{"filename":"Ghost_img_D00489445.jpg","size":37609,"regions":[{"shape_attributes":{"name":"circle","cx":295,"cy":67,"r":18},"region_attributes":{"Type":"Bright"}},{"shape_attributes":{"name":"circle","cx":258,"cy":116,"r":75},"region_attributes":{"Type":"Faint"}},{"shape_attributes":{"name":"circle","cx":208,"cy":187,"r":133},"region_attributes":{"Type":"Faint"}}],"file_attributes":{}},"Ghost_img_D00239617.jpg35209":{"filename":"Ghost_img_D00239617.jpg","size":35209,"regions":[{"shape_attributes":{"name":"polyline","all_points_x":[119,121,145,142,157,179,174,204,191,221,225,194,119],"all_points_y":[9,77,75,15,40,58,35,40,13,26,18,9,10]},"region_attributes":{"Type":"Rays"}}],"file_attributes":{}},"Ghost_img_D00276088.jpg37250":{"filename":"Ghost_img_D00276088.jpg","size":37250,"regions":[{"shape_attributes":{"name":"circle","cx":71,"cy":290,"r":16},"region_attributes":{"Type":"Bright"}},{"shape_attributes":{"name":"polyline","all_points_x":[292,317,320,299,187,290,290,293],"all_points_y":[44,45,71,55,163,52,44,43]},"region_attributes":{"Type":"Rays"}},{"shape_attributes":{"name":"polyline","all_points_x":[113,125,139,109,111],"all_points_y":[390,390,347,349,386]},"region_attributes":{"Type":"Rays"}},{"shape_attributes":{"name":"polyline","all_points_x":[165,138,168,159,165],"all_points_y":[343,391,389,380,344]},"region_attributes":{"Type":"Rays"}},{"shape_attributes":{"name":"polyline","all_points_x":[288,269,289,288],"all_points_y":[35,14,13,37]},"region_attributes":{"Type":"Bright"}},{"shape_attributes":{"name":"polyline","all_points_x":[309,297,307,357,376,380,381,348,348,301],"all_points_y":[73,72,115,160,164,164,108,106,77,73]},"region_attributes":{"Type":"Faint"}},{"shape_attributes":{"name":"polyline","all_points_x":[90,123,153,158,220,181,105,47,88],"all_points_y":[230,214,237,268,257,181,155,175,230]},"region_attributes":{"Type":"Faint"}}],"file_attributes":{}},"Ghost_img_D00348833.jpg38154":{"filename":"Ghost_img_D00348833.jpg","size":38154,"regions":[{"shape_attributes":{"name":"circle","cx":47,"cy":140,"r":15.133},"region_attributes":{"Type":"Bright"}},{"shape_attributes":{"name":"polyline","all_points_x":[0,7,5,20,59,136,179,192,171,113,79,79,79,53,51,22,22,0],"all_points_y":[174,175,205,229,257,251,209,146,71,57,57,69,72,75,103,106,172,173]},"region_attributes":{"Type":"Faint"}},{"shape_attributes":{"name":"polyline","all_points_x":[331,320,343,384,397,396,382,380,350,350,338,331],"all_points_y":[309,253,206,179,175,230,230,295,296,326,326,308]},"region_attributes":{"Type":"Faint"}}],"file_attributes":{}},"Ghost_img_D00687610.jpg40213":{"filename":"Ghost_img_D00687610.jpg","size":40213,"regions":[{"shape_attributes":{"name":"circle","cx":152,"cy":85,"r":14.036},"region_attributes":{"Type":"Bright"}},{"shape_attributes":{"name":"polyline","all_points_x":[109,108,100,113,135,165,163,152,110],"all_points_y":[13,44,44,61,61,44,23,8,12]},"region_attributes":{"Type":"Bright"}},{"shape_attributes":{"name":"ellipse","cx":243,"cy":305,"rx":40,"ry":23.77,"theta":2.886},"region_attributes":{"Type":"Bright"}},{"shape_attributes":{"name":"circle","cx":175,"cy":132,"r":78.16},"region_attributes":{"Type":"Faint"}},{"shape_attributes":{"name":"circle","cx":182,"cy":163,"r":125},"region_attributes":{"Type":"Faint"}}],"file_attributes":{}},"Ghost_img_D00270968.jpg35883":{"filename":"Ghost_img_D00270968.jpg","size":35883,"regions":[{"shape_attributes":{"name":"ellipse","cx":221,"cy":216,"rx":40,"ry":41,"theta":0},"region_attributes":{"Type":"Faint"}},{"shape_attributes":{"name":"circle","cx":151,"cy":159,"r":28.862},"region_attributes":{"Type":"Bright"}}],"file_attributes":{}},"Ghost_img_D00577288.jpg36824":{"filename":"Ghost_img_D00577288.jpg","size":36824,"regions":[{"shape_attributes":{"name":"circle","cx":164,"cy":262,"r":17},"region_attributes":{"Type":"Bright"}},{"shape_attributes":{"name":"circle","cx":150,"cy":286,"r":15.652},"region_attributes":{"Type":"Bright"}},{"shape_attributes":{"name":"ellipse","cx":222,"cy":164,"rx":40,"ry":36.056,"theta":0.055},"region_attributes":{"Type":"Faint"}}],"file_attributes":{}},"Ghost_img_D00276750.jpg36047":{"filename":"Ghost_img_D00276750.jpg","size":36047,"regions":[{"shape_attributes":{"name":"circle","cx":173,"cy":121,"r":14},"region_attributes":{"Type":"Bright"}},{"shape_attributes":{"name":"ellipse","cx":181,"cy":147,"rx":14,"ry":9,"theta":0},"region_attributes":{"Type":"Bright"}},{"shape_attributes":{"name":"polyline","all_points_x":[151,143,167,168,151],"all_points_y":[12,58,59,11,12]},"region_attributes":{"Type":"Bright"}},{"shape_attributes":{"name":"polyline","all_points_x":[25,43,69,91,37,22,22,6,4,50,50,50,4,2,25,25],"all_points_y":[257,248,250,197,137,137,164,164,182,183,197,201,203,232,232,255]},"region_attributes":{"Type":"Rays"}},{"shape_attributes":{"name":"circle","cx":172,"cy":120,"r":26},"region_attributes":{"Type":"Faint"}}],"file_attributes":{}},"Ghost_img_D00260134.jpg39659":{"filename":"Ghost_img_D00260134.jpg","size":39659,"regions":[{"shape_attributes":{"name":"polyline","all_points_x":[257,233,248,268,279,290,290,255],"all_points_y":[8,55,57,19,41,40,13,9]},"region_attributes":{"Type":"Rays"}},{"shape_attributes":{"name":"polyline","all_points_x":[81,110,110,98,81,78,80],"all_points_y":[104,105,91,79,81,96,105]},"region_attributes":{"Type":"Faint"}}],"file_attributes":{}},"Ghost_img_D00243237.jpg36225":{"filename":"Ghost_img_D00243237.jpg","size":36225,"regions":[{"shape_attributes":{"name":"polyline","all_points_x":[376,327,319,371,300,332,337,348,349,378,380,375],"all_points_y":[146,180,158,123,142,112,93,93,104,104,142,146]},"region_attributes":{"Type":"Rays"}},{"shape_attributes":{"name":"polyline","all_points_x":[72,91,102,107,108,82,72],"all_points_y":[305,308,326,323,291,292,305]},"region_attributes":{"Type":"Faint"}}],"file_attributes":{}},"Ghost_img_D00263697.jpg36780":{"filename":"Ghost_img_D00263697.jpg","size":36780,"regions":[{"shape_attributes":{"name":"polyline","all_points_x":[19,19,45,47,63,60,54,79,75,33,54,27,21,19],"all_points_y":[260,295,295,317,302,296,293,280,273,285,264,249,249,260]},"region_attributes":{"Type":"Bright"}}],"file_attributes":{}},"Ghost_img_D00679251.jpg43766":{"filename":"Ghost_img_D00679251.jpg","size":43766,"regions":[{"shape_attributes":{"name":"polyline","all_points_x":[164,139,139,177,172,155,130,122,122,134,166,165,160],"all_points_y":[171,168,153,154,135,122,126,141,165,176,178,172,170]},"region_attributes":{"Type":"Rays"}},{"shape_attributes":{"name":"ellipse","cx":222,"cy":220,"rx":37.054,"ry":36,"theta":-3.088},"region_attributes":{"Type":"Bright"}},{"shape_attributes":{"name":"circle","cx":186,"cy":183,"r":124.68},"region_attributes":{"Type":"Faint"}},{"shape_attributes":{"name":"circle","cx":257,"cy":261,"r":90.05},"region_attributes":{"Type":"Faint"}},{"shape_attributes":{"name":"circle","cx":174,"cy":186,"r":71.253},"region_attributes":{"Type":"Faint"}}],"file_attributes":{}},"Ghost_img_D00268808.jpg35224":{"filename":"Ghost_img_D00268808.jpg","size":35224,"regions":[{"shape_attributes":{"name":"polyline","all_points_x":[0,48,17,1,0],"all_points_y":[209,205,229,229,208]},"region_attributes":{"Type":"Bright"}}],"file_attributes":{}},"Ghost_img_D00158759.jpg36914":{"filename":"Ghost_img_D00158759.jpg","size":36914,"regions":[{"shape_attributes":{"name":"polyline","all_points_x":[346,225,225,260,225,301,351,349,345],"all_points_y":[74,115,133,123,150,130,99,73,74]},"region_attributes":{"Type":"Rays"}},{"shape_attributes":{"name":"polyline","all_points_x":[356,260,271,329,282,300,379,380,356],"all_points_y":[108,181,194,151,207,203,124,108,107]},"region_attributes":{"Type":"Rays"}}],"file_attributes":{}},"Ghost_img_D00231121.jpg34718":{"filename":"Ghost_img_D00231121.jpg","size":34718,"regions":[{"shape_attributes":{"name":"polyline","all_points_x":[21,63,69,44,130,129,19,20],"all_points_y":[121,123,128,141,153,164,150,121]},"region_attributes":{"Type":"Rays"}},{"shape_attributes":{"name":"polyline","all_points_x":[20,45,45,75,75,50,0,0,21,21],"all_points_y":[164,165,177,188,195,188,188,171,171,164]},"region_attributes":{"Type":"Rays"}}],"file_attributes":{}},"Ghost_img_D00720422.jpg42893":{"filename":"Ghost_img_D00720422.jpg","size":42893,"regions":[{"shape_attributes":{"name":"ellipse","cx":319,"cy":203,"rx":25,"ry":36.014,"theta":0.028},"region_attributes":{"Type":"Bright"}},{"shape_attributes":{"name":"circle","cx":71,"cy":196,"r":16},"region_attributes":{"Type":"Bright"}},{"shape_attributes":{"name":"polyline","all_points_x":[1,1,17,46,46,2],"all_points_y":[204,223,228,220,202,201]},"region_attributes":{"Type":"Bright"}},{"shape_attributes":{"name":"polyline","all_points_x":[43,1,0,42,49,46],"all_points_y":[182,185,171,168,184,185]},"region_attributes":{"Type":"Bright"}},{"shape_attributes":{"name":"circle","cx":122,"cy":197,"r":79},"region_attributes":{"Type":"Faint"}},{"shape_attributes":{"name":"circle","cx":162,"cy":198,"r":124.788},"region_attributes":{"Type":"Faint"}},{"shape_attributes":{"name":"polyline","all_points_x":[377,382,345,326,324,348,346,320,329,361,372,377],"all_points_y":[281,119,131,155,165,188,221,247,264,291,290,281]},"region_attributes":{"Type":"Faint"}}],"file_attributes":{}},"Ghost_img_D00276373.jpg35786":{"filename":"Ghost_img_D00276373.jpg","size":35786,"regions":[{"shape_attributes":{"name":"polyline","all_points_x":[88,101,115,107,119,138,109,87],"all_points_y":[41,113,110,88,111,99,41,41]},"region_attributes":{"Type":"Rays"}},{"shape_attributes":{"name":"polyline","all_points_x":[111,158,174,153,161,177,177,152,133,111,112],"all_points_y":[17,94,85,58,59,74,61,34,12,10,19]},"region_attributes":{"Type":"Rays"}},{"shape_attributes":{"name":"polyline","all_points_x":[234,233,245,251,234],"all_points_y":[10,42,33,6,8]},"region_attributes":{"Type":"Rays"}},{"shape_attributes":{"name":"polyline","all_points_x":[264,262,275,273,265,264],"all_points_y":[10,31,32,8,9,11]},"region_attributes":{"Type":"Rays"}}],"file_attributes":{}},"Ghost_img_D00270419.jpg37437":{"filename":"Ghost_img_D00270419.jpg","size":37437,"regions":[{"shape_attributes":{"name":"circle","cx":79,"cy":274,"r":17},"region_attributes":{"Type":"Bright"}},{"shape_attributes":{"name":"polyline","all_points_x":[19,20,1,2,45,69,74,51,79,82,123,123,76,67,18],"all_points_y":[106,164,171,188,188,191,176,164,169,148,156,130,119,106,107]},"region_attributes":{"Type":"Rays"}},{"shape_attributes":{"name":"polyline","all_points_x":[24,50,50,63,56,73,58,58,51,24,21,23],"all_points_y":[294,294,318,318,303,296,290,282,273,267,279,294]},"region_attributes":{"Type":"Rays"}}],"file_attributes":{}},"Ghost_img_D00491190.jpg35019":{"filename":"Ghost_img_D00491190.jpg","size":35019,"regions":[{"shape_attributes":{"name":"circle","cx":236,"cy":46,"r":17.464},"region_attributes":{"Type":"Bright"}},{"shape_attributes":{"name":"polyline","all_points_x":[71,93,146,245,320,330,263,236,170,132,71],"all_points_y":[185,253,299,309,253,219,189,228,218,173,186]},"region_attributes":{"Type":"Faint"}}],"file_attributes":{}},"Ghost_img_D00259402.jpg37544":{"filename":"Ghost_img_D00259402.jpg","size":37544,"regions":[{"shape_attributes":{"name":"polyline","all_points_x":[378,323,319,350,334,350,379,379],"all_points_y":[144,149,118,114,100,105,107,144]},"region_attributes":{"Type":"Rays"}},{"shape_attributes":{"name":"polyline","all_points_x":[378,311,321,364,354,317,335,380,378],"all_points_y":[151,175,184,165,178,198,211,170,153]},"region_attributes":{"Type":"Rays"}}],"file_attributes":{}},"Ghost_img_D00268935.jpg38293":{"filename":"Ghost_img_D00268935.jpg","size":38293,"regions":[{"shape_attributes":{"name":"ellipse","cx":218,"cy":280,"rx":36.688,"ry":33,"theta":-0.305},"region_attributes":{"Type":"Bright"}},{"shape_attributes":{"name":"circle","cx":170,"cy":50,"r":17.029},"region_attributes":{"Type":"Bright"}},{"shape_attributes":{"name":"circle","cx":168,"cy":50,"r":28.071},"region_attributes":{"Type":"Faint"}},{"shape_attributes":{"name":"circle","cx":188,"cy":133,"r":76.105},"region_attributes":{"Type":"Faint"}},{"shape_attributes":{"name":"circle","cx":195,"cy":188,"r":141.057},"region_attributes":{"Type":"Faint"}}],"file_attributes":{}},"Ghost_img_D00230840.jpg38631":{"filename":"Ghost_img_D00230840.jpg","size":38631,"regions":[{"shape_attributes":{"name":"ellipse","cx":251,"cy":346,"rx":12,"ry":42.059,"theta":-1.885},"region_attributes":{"Type":"Bright"}},{"shape_attributes":{"name":"polyline","all_points_x":[248,234,240,261,282,292,291,247,247],"all_points_y":[390,390,375,364,368,373,378,377,390]},"region_attributes":{"Type":"Bright"}},{"shape_attributes":{"name":"ellipse","cx":150,"cy":41,"rx":36,"ry":10.44,"theta":-0.291},"region_attributes":{"Type":"Bright"}},{"shape_attributes":{"name":"polyline","all_points_x":[116,154,153,143,117,116],"all_points_y":[25,24,29,40,39,27]},"region_attributes":{"Type":"Bright"}},{"shape_attributes":{"name":"polyline","all_points_x":[177,198,198,187,177,175,177],"all_points_y":[136,135,126,120,120,134,135]},"region_attributes":{"Type":"Bright"}},{"shape_attributes":{"name":"circle","cx":153,"cy":67,"r":14},"region_attributes":{"Type":"Faint"}},{"shape_attributes":{"name":"circle","cx":174,"cy":120,"r":80},"region_attributes":{"Type":"Faint"}},{"shape_attributes":{"name":"circle","cx":209,"cy":230,"r":41.049},"region_attributes":{"Type":"Faint"}},{"shape_attributes":{"name":"circle","cx":186,"cy":168,"r":123.016},"region_attributes":{"Type":"Faint"}}],"file_attributes":{}},"Ghost_img_D00801470.jpg41468":{"filename":"Ghost_img_D00801470.jpg","size":41468,"regions":[{"shape_attributes":{"name":"ellipse","cx":289,"cy":134,"rx":16,"ry":14,"theta":0},"region_attributes":{"Type":"Bright"}},{"shape_attributes":{"name":"circle","cx":328,"cy":104,"r":26.173},"region_attributes":{"Type":"Bright"}},{"shape_attributes":{"name":"ellipse","cx":127,"cy":258,"rx":36,"ry":26.173,"theta":0.812},"region_attributes":{"Type":"Faint"}},{"shape_attributes":{"name":"circle","cx":329,"cy":100,"r":20},"region_attributes":{"Type":"Bright"}}],"file_attributes":{}},"Ghost_img_D00486804.jpg38323":{"filename":"Ghost_img_D00486804.jpg","size":38323,"regions":[{"shape_attributes":{"name":"circle","cx":320,"cy":269,"r":17},"region_attributes":{"Type":"Bright"}},{"shape_attributes":{"name":"circle","cx":321,"cy":270,"r":28.018},"region_attributes":{"Type":"Bright"}},{"shape_attributes":{"name":"circle","cx":282,"cy":248,"r":17},"region_attributes":{"Type":"Bright"}},{"shape_attributes":{"name":"ellipse","cx":138,"cy":166,"rx":38,"ry":31.401,"theta":-0.921},"region_attributes":{"Type":"Faint"}},{"shape_attributes":{"name":"circle","cx":251,"cy":232,"r":80.399},"region_attributes":{"Type":"Faint"}},{"shape_attributes":{"name":"circle","cx":223,"cy":214,"r":136},"region_attributes":{"Type":"Faint"}}],"file_attributes":{}},"Ghost_img_D00567861.jpg38115":{"filename":"Ghost_img_D00567861.jpg","size":38115,"regions":[{"shape_attributes":{"name":"circle","cx":261,"cy":243,"r":25},"region_attributes":{"Type":"Bright"}},{"shape_attributes":{"name":"ellipse","cx":114,"cy":70,"rx":39.699,"ry":12,"theta":-0.714},"region_attributes":{"Type":"Bright"}},{"shape_attributes":{"name":"circle","cx":173,"cy":181,"r":36},"region_attributes":{"Type":"Bright"}},{"shape_attributes":{"name":"circle","cx":230,"cy":127,"r":14},"region_attributes":{"Type":"Faint"}},{"shape_attributes":{"name":"circle","cx":223,"cy":216,"r":74.411},"region_attributes":{"Type":"Faint"}},{"shape_attributes":{"name":"polyline","all_points_x":[145,197,173,217,258,283,240,151,100,90,104,121,145],"all_points_y":[307,260,228,188,193,119,84,100,156,223,263,298,306]},"region_attributes":{"Type":"Faint"}}],"file_attributes":{}},"Ghost_img_D00388641.jpg38255":{"filename":"Ghost_img_D00388641.jpg","size":38255,"regions":[{"shape_attributes":{"name":"circle","cx":174,"cy":123,"r":13.601},"region_attributes":{"Type":"Bright"}},{"shape_attributes":{"name":"polyline","all_points_x":[167,164,197,190,182,168,167],"all_points_y":[143,162,161,139,137,136,143]},"region_attributes":{"Type":"Rays"}},{"shape_attributes":{"name":"ellipse","cx":210,"cy":234,"rx":40,"ry":32,"theta":0},"region_attributes":{"Type":"Faint"}}],"file_attributes":{}},"Ghost_img_D00271591.jpg34709":{"filename":"Ghost_img_D00271591.jpg","size":34709,"regions":[{"shape_attributes":{"name":"polyline","all_points_x":[142,165,164,154,140,143],"all_points_y":[236,232,241,248,237,236]},"region_attributes":{"Type":"Bright"}},{"shape_attributes":{"name":"circle","cx":218,"cy":188,"r":38},"region_attributes":{"Type":"Faint"}},{"shape_attributes":{"name":"circle","cx":155,"cy":234,"r":25.08},"region_attributes":{"Type":"Faint"}},{"shape_attributes":{"name":"polyline","all_points_x":[24,75,49,18,18,25],"all_points_y":[289,285,262,271,289,289]},"region_attributes":{"Type":"Rays"}},{"shape_attributes":{"name":"polyline","all_points_x":[21,59,41,26,22,21,22,21],"all_points_y":[256,235,221,228,234,245,255,255]},"region_attributes":{"Type":"Rays"}}],"file_attributes":{}},"Ghost_img_D00241150.jpg36472":{"filename":"Ghost_img_D00241150.jpg","size":36472,"regions":[{"shape_attributes":{"name":"polyline","all_points_x":[264,271,259,255,244,233,240,241,265],"all_points_y":[391,282,285,341,281,284,376,392,390]},"region_attributes":{"Type":"Rays"}},{"shape_attributes":{"name":"polyline","all_points_x":[196,225,200,189,197,181,173,196,194,175,170,196],"all_points_y":[358,359,268,268,310,271,287,332,336,306,313,359]},"region_attributes":{"Type":"Rays"}}],"file_attributes":{}},"Ghost_img_D00244282.jpg35376":{"filename":"Ghost_img_D00244282.jpg","size":35376,"regions":[{"shape_attributes":{"name":"polyline","all_points_x":[196,265,262,250,249,229,233,228,211,182,207,193,187,196],"all_points_y":[9,4,74,72,119,120,60,62,111,97,46,36,34,10]},"region_attributes":{"Type":"Rays"}},{"shape_attributes":{"name":"polyline","all_points_x":[298,321,320,305,297],"all_points_y":[361,360,326,323,360]},"region_attributes":{"Type":"Faint"}}],"file_attributes":{}},"Ghost_img_D00267009.jpg35323":{"filename":"Ghost_img_D00267009.jpg","size":35323,"regions":[{"shape_attributes":{"name":"polyline","all_points_x":[335,349,351,375,378,376,353,322,343,319,318,336,336],"all_points_y":[324,324,300,296,296,286,262,264,294,299,312,317,324]},"region_attributes":{"Type":"Rays"}}],"file_attributes":{}},"Ghost_img_D00233090.jpg35623":{"filename":"Ghost_img_D00233090.jpg","size":35623,"regions":[{"shape_attributes":{"name":"polyline","all_points_x":[18,82,79,19,19,19],"all_points_y":[264,267,242,241,262,263]},"region_attributes":{"Type":"Rays"}},{"shape_attributes":{"name":"polyline","all_points_x":[2,61,47,21,0,2,4],"all_points_y":[232,217,202,202,213,231,233]},"region_attributes":{"Type":"Rays"}}],"file_attributes":{}},"Ghost_img_D00276758.jpg37000":{"filename":"Ghost_img_D00276758.jpg","size":37000,"regions":[{"shape_attributes":{"name":"polyline","all_points_x":[250,222,230,216,235,277,249],"all_points_y":[11,51,55,79,81,10,11]},"region_attributes":{"Type":"Rays"}},{"shape_attributes":{"name":"polyline","all_points_x":[279,265,265,274,281,286,292,292,292,288,289,281,278],"all_points_y":[13,69,91,90,57,78,78,45,44,44,12,12,14]},"region_attributes":{"Type":"Rays"}}],"file_attributes":{}},"Ghost_img_D00157834.jpg37138":{"filename":"Ghost_img_D00157834.jpg","size":37138,"regions":[{"shape_attributes":{"name":"polyline","all_points_x":[381,382,326,336,380],"all_points_y":[113,129,140,116,112]},"region_attributes":{"Type":"Rays"}},{"shape_attributes":{"name":"polyline","all_points_x":[339,379,380,340],"all_points_y":[161,139,164,162]},"region_attributes":{"Type":"Rays"}}],"file_attributes":{}},"Ghost_img_D00392117.jpg38995":{"filename":"Ghost_img_D00392117.jpg","size":38995,"regions":[{"shape_attributes":{"name":"ellipse","cx":258,"cy":213,"rx":36,"ry":41.049,"theta":-3.093},"region_attributes":{"Type":"Faint"}},{"shape_attributes":{"name":"ellipse","cx":115,"cy":179,"rx":16,"ry":15,"theta":0},"region_attributes":{"Type":"Bright"}},{"shape_attributes":{"name":"circle","cx":80,"cy":170,"r":18.248},"region_attributes":{"Type":"Bright"}},{"shape_attributes":{"name":"circle","cx":76,"cy":174,"r":26.077},"region_attributes":{"Type":"Faint"}},{"shape_attributes":{"name":"circle","cx":239,"cy":152,"r":13},"region_attributes":{"Type":"Bright"}},{"shape_attributes":{"name":"polyline","all_points_x":[100,111,158,199,213,154,98,100],"all_points_y":[125,134,123,150,129,101,112,125]},"region_attributes":{"Type":"Faint"}}],"file_attributes":{}},"Ghost_img_D00169963.jpg38847":{"filename":"Ghost_img_D00169963.jpg","size":38847,"regions":[{"shape_attributes":{"name":"circle","cx":248,"cy":352,"r":17.117},"region_attributes":{"Type":"Bright"}},{"shape_attributes":{"name":"polyline","all_points_x":[116,142,156,142,115],"all_points_y":[12,10,28,42,13]},"region_attributes":{"Type":"Rays"}}],"file_attributes":{}},"Ghost_img_D00169620.jpg37201":{"filename":"Ghost_img_D00169620.jpg","size":37201,"regions":[{"shape_attributes":{"name":"circle","cx":188,"cy":169,"r":14.036},"region_attributes":{"Type":"Bright"}},{"shape_attributes":{"name":"polyline","all_points_x":[208,286,287,279,266,271,259,259,256,250,233,233,213,203,193,210,209],"all_points_y":[10,11,29,38,54,72,72,60,95,95,81,58,57,66,61,22,10]},"region_attributes":{"Type":"Rays"}}],"file_attributes":{}},"Ghost_img_D00243866.jpg35454":{"filename":"Ghost_img_D00243866.jpg","size":35454,"regions":[{"shape_attributes":{"name":"circle","cx":98,"cy":157,"r":16},"region_attributes":{"Type":"Bright"}},{"shape_attributes":{"name":"polyline","all_points_x":[20,20,74,72,21,19],"all_points_y":[250,265,266,248,252,252]},"region_attributes":{"Type":"Rays"}},{"shape_attributes":{"name":"polyline","all_points_x":[0,0,21,16,16,6,0],"all_points_y":[211,228,233,222,213,208,211]},"region_attributes":{"Type":"Rays"}}],"file_attributes":{}},"Ghost_img_D00159127.jpg39952":{"filename":"Ghost_img_D00159127.jpg","size":39952,"regions":[{"shape_attributes":{"name":"circle","cx":201,"cy":186,"r":25},"region_attributes":{"Type":"Bright"}},{"shape_attributes":{"name":"circle","cx":195,"cy":270,"r":78.026},"region_attributes":{"Type":"Faint"}},{"shape_attributes":{"name":"circle","cx":201,"cy":201,"r":133},"region_attributes":{"Type":"Faint"}}],"file_attributes":{}},"Ghost_img_D00586689.jpg37548":{"filename":"Ghost_img_D00586689.jpg","size":37548,"regions":[{"shape_attributes":{"name":"circle","cx":140,"cy":308,"r":16},"region_attributes":{"Type":"Bright"}},{"shape_attributes":{"name":"polyline","all_points_x":[91,93,114,127,135,125,112,112,91],"all_points_y":[357,339,333,342,357,376,380,362,359]},"region_attributes":{"Type":"Bright"}},{"shape_attributes":{"name":"ellipse","cx":252,"cy":108,"rx":38.601,"ry":26,"theta":0.638},"region_attributes":{"Type":"Faint"}},{"shape_attributes":{"name":"polyline","all_points_x":[201,129,89,60,125,143,185,214,258,258,202],"all_points_y":[100,115,136,196,209,178,171,186,142,132,100]},"region_attributes":{"Type":"Faint"}}],"file_attributes":{}},"Ghost_img_D00241002.jpg40011":{"filename":"Ghost_img_D00241002.jpg","size":40011,"regions":[{"shape_attributes":{"name":"polyline","all_points_x":[206,257,264,233,237,222,209,180,206],"all_points_y":[12,12,64,62,19,17,71,59,12]},"region_attributes":{"Type":"Faint"}},{"shape_attributes":{"name":"polyline","all_points_x":[110,134,134,118,104,106,109],"all_points_y":[263,263,247,235,246,263,263]},"region_attributes":{"Type":"Faint"}},{"shape_attributes":{"name":"polyline","all_points_x":[78,78,99,99,90,70,64,67,77,78],"all_points_y":[268,281,280,290,297,297,282,263,266,269]},"region_attributes":{"Type":"Faint"}},{"shape_attributes":{"name":"circle","cx":174,"cy":83,"r":16},"region_attributes":{"Type":"Faint"}}],"file_attributes":{}},"Ghost_img_D00489479.jpg37199":{"filename":"Ghost_img_D00489479.jpg","size":37199,"regions":[{"shape_attributes":{"name":"circle","cx":167,"cy":72,"r":17},"region_attributes":{"Type":"Bright"}},{"shape_attributes":{"name":"circle","cx":157,"cy":127,"r":11},"region_attributes":{"Type":"Bright"}},{"shape_attributes":{"name":"circle","cx":164,"cy":147,"r":13},"region_attributes":{"Type":"Faint"}},{"shape_attributes":{"name":"circle","cx":220,"cy":232,"r":36},"region_attributes":{"Type":"Faint"}},{"shape_attributes":{"name":"polyline","all_points_x":[143,94,86,127,146,174,183,201,181,141],"all_points_y":[80,106,134,153,119,122,133,99,87,81]},"region_attributes":{"Type":"Faint"}}],"file_attributes":{}},"Ghost_img_D00263512.jpg34590":{"filename":"Ghost_img_D00263512.jpg","size":34590,"regions":[{"shape_attributes":{"name":"polyline","all_points_x":[112,111,105,101,130,137,131,146,157,169,150,111,111],"all_points_y":[13,42,43,60,74,67,33,55,71,39,12,11,17]},"region_attributes":{"Type":"Rays"}},{"shape_attributes":{"name":"polyline","all_points_x":[246,253,283,290,290,246],"all_points_y":[12,29,37,29,11,12]},"region_attributes":{"Type":"Faint"}}],"file_attributes":{}},"Ghost_img_D00771514.jpg41548":{"filename":"Ghost_img_D00771514.jpg","size":41548,"regions":[{"shape_attributes":{"name":"circle","cx":160,"cy":79,"r":30.017},"region_attributes":{"Type":"Bright"}},{"shape_attributes":{"name":"circle","cx":173,"cy":115,"r":13},"region_attributes":{"Type":"Bright"}},{"shape_attributes":{"name":"polyline","all_points_x":[204,204,213,215,239,244,235,213,191,181,204,234,251,254,201],"all_points_y":[248,268,268,275,275,279,288,295,282,254,226,226,241,248,249]},"region_attributes":{"Type":"Bright"}},{"shape_attributes":{"name":"circle","cx":188,"cy":146,"r":76.105},"region_attributes":{"Type":"Faint"}},{"shape_attributes":{"name":"circle","cx":195,"cy":187,"r":146.123},"region_attributes":{"Type":"Faint"}}],"file_attributes":{}},"Ghost_img_D00693146.jpg34427":{"filename":"Ghost_img_D00693146.jpg","size":34427,"regions":[{"shape_attributes":{"name":"circle","cx":201,"cy":76,"r":28.018},"region_attributes":{"Type":"Bright"}},{"shape_attributes":{"name":"circle","cx":201,"cy":114,"r":15},"region_attributes":{"Type":"Bright"}},{"shape_attributes":{"name":"ellipse","cx":200,"cy":264,"rx":37.014,"ry":34,"theta":0.027},"region_attributes":{"Type":"Faint"}},{"shape_attributes":{"name":"circle","cx":198,"cy":151,"r":76.059},"region_attributes":{"Type":"Faint"}},{"shape_attributes":{"name":"circle","cx":197,"cy":176,"r":137.004},"region_attributes":{"Type":"Faint"}}],"file_attributes":{}},"Ghost_img_D00699583.jpg43287":{"filename":"Ghost_img_D00699583.jpg","size":43287,"regions":[{"shape_attributes":{"name":"polyline","all_points_x":[33,64,61,28,32,66,85,86,86,71,49,30,35],"all_points_y":[201,200,181,182,163,161,170,186,204,218,219,203,201]},"region_attributes":{"Type":"Bright"}},{"shape_attributes":{"name":"ellipse","cx":278,"cy":208,"rx":31,"ry":40,"theta":0},"region_attributes":{"Type":"Bright"}},{"shape_attributes":{"name":"circle","cx":99,"cy":194,"r":16.125},"region_attributes":{"Type":"Bright"}},{"shape_attributes":{"name":"circle","cx":140,"cy":198,"r":78.006},"region_attributes":{"Type":"Faint"}},{"shape_attributes":{"name":"circle","cx":168,"cy":196,"r":124.403},"region_attributes":{"Type":"Faint"}},{"shape_attributes":{"name":"polyline","all_points_x":[346,297,273,267,279,311,353,373,377,378,395,396,396,379,380,372,344],"all_points_y":[299,279,236,202,166,138,120,120,122,174,175,222,228,228,276,296,299]},"region_attributes":{"Type":"Faint"}}],"file_attributes":{}},"Ghost_img_D00702348.jpg35029":{"filename":"Ghost_img_D00702348.jpg","size":35029,"regions":[{"shape_attributes":{"name":"circle","cx":123,"cy":87,"r":15.133},"region_attributes":{"Type":"Bright"}},{"shape_attributes":{"name":"circle","cx":257,"cy":349,"r":17},"region_attributes":{"Type":"Bright"}},{"shape_attributes":{"name":"ellipse","cx":277,"cy":317,"rx":35,"ry":17.029,"theta":-0.702},"region_attributes":{"Type":"Faint"}},{"shape_attributes":{"name":"circle","cx":179,"cy":173,"r":122.066},"region_attributes":{"Type":"Faint"}}],"file_attributes":{}},"Ghost_img_D00263605.jpg35307":{"filename":"Ghost_img_D00263605.jpg","size":35307,"regions":[{"shape_attributes":{"name":"polyline","all_points_x":[0,52,54,18,0,0],"all_points_y":[180,178,169,169,170,181]},"region_attributes":{"Type":"Rays"}}],"file_attributes":{}},"Ghost_img_D00232774.jpg37980":{"filename":"Ghost_img_D00232774.jpg","size":37980,"regions":[{"shape_attributes":{"name":"polyline","all_points_x":[124,123,150,182,164,175,202,224,195,170,170,123],"all_points_y":[391,270,222,259,341,329,272,290,360,359,394,391]},"region_attributes":{"Type":"Rays"}},{"shape_attributes":{"name":"polyline","all_points_x":[112,137,146,119,107,111],"all_points_y":[19,47,21,11,11,19]},"region_attributes":{"Type":"Rays"}},{"shape_attributes":{"name":"polyline","all_points_x":[20,22,48,50,75,108,98,81,65,112,110,64,21],"all_points_y":[126,107,106,75,75,81,115,116,116,157,161,128,128]},"region_attributes":{"Type":"Rays"}},{"shape_attributes":{"name":"polyline","all_points_x":[347,320,288,337,350,346],"all_points_y":[322,325,300,304,311,323]},"region_attributes":{"Type":"Rays"}}],"file_attributes":{}},"Ghost_img_D00590337.jpg37200":{"filename":"Ghost_img_D00590337.jpg","size":37200,"regions":[{"shape_attributes":{"name":"polyline","all_points_x":[25,45,46,36,16,16,24,24],"all_points_y":[132,130,108,107,105,116,123,130]},"region_attributes":{"Type":"Bright"}},{"shape_attributes":{"name":"circle","cx":316,"cy":93,"r":14.036},"region_attributes":{"Type":"Bright"}},{"shape_attributes":{"name":"circle","cx":82,"cy":139,"r":15},"region_attributes":{"Type":"Bright"}},{"shape_attributes":{"name":"ellipse","cx":311,"cy":257,"rx":21,"ry":41.677,"theta":0.528},"region_attributes":{"Type":"Faint"}},{"shape_attributes":{"name":"circle","cx":199,"cy":182,"r":104.12},"region_attributes":{"Type":"Faint"}}],"file_attributes":{}},"Ghost_img_D00614399.jpg34961":{"filename":"Ghost_img_D00614399.jpg","size":34961,"regions":[{"shape_attributes":{"name":"circle","cx":345,"cy":155,"r":18.028},"region_attributes":{"Type":"Bright"}},{"shape_attributes":{"name":"circle","cx":299,"cy":166,"r":17},"region_attributes":{"Type":"Bright"}},{"shape_attributes":{"name":"polyline","all_points_x":[350,351,378,373,348,336,345,350],"all_points_y":[84,103,108,118,117,96,75,83]},"region_attributes":{"Type":"Bright"}},{"shape_attributes":{"name":"ellipse","cx":118,"cy":224,"rx":29,"ry":38.484,"theta":-0.429},"region_attributes":{"Type":"Faint"}}],"file_attributes":{}},"Ghost_img_D00803243.jpg42274":{"filename":"Ghost_img_D00803243.jpg","size":42274,"regions":[{"shape_attributes":{"name":"circle","cx":220,"cy":340,"r":16},"region_attributes":{"Type":"Bright"}},{"shape_attributes":{"name":"polyline","all_points_x":[231,271,265,251,231,232],"all_points_y":[394,391,377,370,368,392]},"region_attributes":{"Type":"Bright"}},{"shape_attributes":{"name":"ellipse","cx":181,"cy":51,"rx":37.656,"ry":16,"theta":-0.187},"region_attributes":{"Type":"Bright"}},{"shape_attributes":{"name":"circle","cx":202,"cy":226,"r":134.078},"region_attributes":{"Type":"Faint"}},{"shape_attributes":{"name":"circle","cx":202,"cy":284,"r":83},"region_attributes":{"Type":"Faint"}},{"shape_attributes":{"name":"polyline","all_points_x":[106,151,246,289,288,112,108,108],"all_points_y":[43,74,72,26,12,9,38,42]},"region_attributes":{"Type":"Faint"}},{"shape_attributes":{"name":"circle","cx":226,"cy":288,"r":90.006},"region_attributes":{"Type":"Faint"}}],"file_attributes":{}},"Ghost_img_D00263110.jpg35822":{"filename":"Ghost_img_D00263110.jpg","size":35822,"regions":[{"shape_attributes":{"name":"polyline","all_points_x":[243,200,217,242,254,261,259,271,280,289,289,243],"all_points_y":[391,305,305,351,354,363,309,316,345,346,389,392]},"region_attributes":{"Type":"Rays"}}],"file_attributes":{}},"Ghost_img_D00270425.jpg38037":{"filename":"Ghost_img_D00270425.jpg","size":38037,"regions":[{"shape_attributes":{"name":"polyline","all_points_x":[286,243,240,243,244,224,216,221,228,230,224,231,238,237,242,246,272,278,274,282,293,304,301,291,290,286],"all_points_y":[12,12,12,24,24,48,58,62,51,57,69,70,54,70,71,74,34,35,63,64,64,56,42,39,14,12]},"region_attributes":{"Type":"Rays"}},{"shape_attributes":{"name":"polyline","all_points_x":[346,381,386,375,343,312,313,341,346,359,331,309,303,313,336,333,345],"all_points_y":[302,296,212,204,221,208,223,235,243,252,253,270,283,287,273,275,303]},"region_attributes":{"Type":"Rays"}}],"file_attributes":{}},"Ghost_img_D00680925.jpg37897":{"filename":"Ghost_img_D00680925.jpg","size":37897,"regions":[{"shape_attributes":{"name":"circle","cx":102,"cy":115,"r":15.297},"region_attributes":{"Type":"Bright"}},{"shape_attributes":{"name":"ellipse","cx":294,"cy":280,"rx":23,"ry":41.869,"theta":-2.441},"region_attributes":{"Type":"Bright"}},{"shape_attributes":{"name":"circle","cx":139,"cy":149,"r":79.006},"region_attributes":{"Type":"Faint"}}],"file_attributes":{}},"Ghost_img_D00263690.jpg38173":{"filename":"Ghost_img_D00263690.jpg","size":38173,"regions":[{"shape_attributes":{"name":"polyline","all_points_x":[140,126,143,155,157,169,173,171,168,167,140],"all_points_y":[10,179,168,167,354,357,41,41,41,10,11]},"region_attributes":{"Type":"Rays"}},{"shape_attributes":{"name":"polyline","all_points_x":[186,217,256,263,238,248,231,203,186],"all_points_y":[42,43,133,162,135,176,176,120,42]},"region_attributes":{"Type":"Rays"}}],"file_attributes":{}},"Ghost_img_D00247579.jpg36719":{"filename":"Ghost_img_D00247579.jpg","size":36719,"regions":[{"shape_attributes":{"name":"polyline","all_points_x":[78,80,120,130,118,81,78],"all_points_y":[68,52,28,32,41,70,70]},"region_attributes":{"Type":"Bright"}},{"shape_attributes":{"name":"circle","cx":287,"cy":323,"r":19.105},"region_attributes":{"Type":"Faint"}},{"shape_attributes":{"name":"polyline","all_points_x":[304,318,304,296,298,305,319,319,320],"all_points_y":[355,355,327,326,347,358,360,359,354]},"region_attributes":{"Type":"Rays"}},{"shape_attributes":{"name":"circle","cx":251,"cy":275,"r":75},"region_attributes":{"Type":"Faint"}},{"shape_attributes":{"name":"circle","cx":218,"cy":222,"r":118},"region_attributes":{"Type":"Faint"}}],"file_attributes":{}},"Ghost_img_D00484831.jpg41266":{"filename":"Ghost_img_D00484831.jpg","size":41266,"regions":[{"shape_attributes":{"name":"circle","cx":329,"cy":224,"r":31.048},"region_attributes":{"Type":"Bright"}},{"shape_attributes":{"name":"circle","cx":291,"cy":217,"r":13.601},"region_attributes":{"Type":"Bright"}},{"shape_attributes":{"name":"ellipse","cx":140,"cy":186,"rx":35,"ry":37,"theta":0},"region_attributes":{"Type":"Bright"}},{"shape_attributes":{"name":"circle","cx":222,"cy":203,"r":133.154},"region_attributes":{"Type":"Faint"}},{"shape_attributes":{"name":"circle","cx":257,"cy":214,"r":77.253},"region_attributes":{"Type":"Faint"}},{"shape_attributes":{"name":"circle","cx":135,"cy":194,"r":127.283},"region_attributes":{"Type":"Faint"}},{"shape_attributes":{"name":"polyline","all_points_x":[22,67,130,142,137,120,61,52,51,24,21,21,1,1,41,41,0,1,19,21],"all_points_y":[255,265,228,186,137,109,85,85,101,104,133,164,169,183,185,199,201,230,230,252]},"region_attributes":{"Type":"Faint"}}],"file_attributes":{}},"Ghost_img_D00390659.jpg39740":{"filename":"Ghost_img_D00390659.jpg","size":39740,"regions":[{"shape_attributes":{"name":"ellipse","cx":268,"cy":113,"rx":38.833,"ry":28,"theta":0.602},"region_attributes":{"Type":"Faint"}},{"shape_attributes":{"name":"circle","cx":121,"cy":295,"r":15.524},"region_attributes":{"Type":"Faint"}},{"shape_attributes":{"name":"polyline","all_points_x":[81,81,112,117,104,104,80,63,62,78,81],"all_points_y":[330,359,362,331,331,310,308,317,327,328,329]},"region_attributes":{"Type":"Bright"}}],"file_attributes":{}},"Ghost_img_D00268438.jpg39338":{"filename":"Ghost_img_D00268438.jpg","size":39338,"regions":[{"shape_attributes":{"name":"polyline","all_points_x":[291,320,320,342,320,311,291,255,254,247,241,270,211,191,191,257,255,241,218,214,243,234,254,244,265,290],"all_points_y":[42,42,69,72,133,138,134,194,197,205,200,139,211,215,200,130,114,135,135,116,101,88,78,57,43,42]},"region_attributes":{"Type":"Rays"}}],"file_attributes":{}},"Ghost_img_D00771515.jpg44574":{"filename":"Ghost_img_D00771515.jpg","size":44574,"regions":[{"shape_attributes":{"name":"circle","cx":160,"cy":79,"r":29.069},"region_attributes":{"Type":"Bright"}},{"shape_attributes":{"name":"circle","cx":174,"cy":118,"r":15},"region_attributes":{"Type":"Bright"}},{"shape_attributes":{"name":"ellipse","cx":221,"cy":261,"rx":39,"ry":32,"theta":0},"region_attributes":{"Type":"Bright"}},{"shape_attributes":{"name":"circle","cx":185,"cy":151,"r":81},"region_attributes":{"Type":"Faint"}},{"shape_attributes":{"name":"circle","cx":188,"cy":174,"r":123.004},"region_attributes":{"Type":"Faint"}},{"shape_attributes":{"name":"polyline","all_points_x":[167,153,159,176,187,216,264,298,315,335,337,318,320,286,287,232,232,172,170,170,169,167],"all_points_y":[382,342,309,275,265,250,249,259,283,312,328,329,359,359,391,389,358,361,360,376,383,383]},"region_attributes":{"Type":"Faint"}}],"file_attributes":{}},"Ghost_img_D00262573.jpg34386":{"filename":"Ghost_img_D00262573.jpg","size":34386,"regions":[{"shape_attributes":{"name":"circle","cx":64,"cy":211,"r":30},"region_attributes":{"Type":"Faint"}},{"shape_attributes":{"name":"circle","cx":131,"cy":124,"r":27.459},"region_attributes":{"Type":"Faint"}},{"shape_attributes":{"name":"polyline","all_points_x":[377,317,320,352,372,395,397,380,379,376],"all_points_y":[159,187,193,188,177,178,172,169,161,159]},"region_attributes":{"Type":"Rays"}},{"shape_attributes":{"name":"polyline","all_points_x":[331,378,378,344,332,332],"all_points_y":[154,150,133,130,153,155]},"region_attributes":{"Type":"Rays"}}],"file_attributes":{}},"Ghost_img_D00239582.jpg36614":{"filename":"Ghost_img_D00239582.jpg","size":36614,"regions":[{"shape_attributes":{"name":"polyline","all_points_x":[21,49,69,147,84,98,167,99,87,83,83,48,49,16,21],"all_points_y":[268,259,266,198,268,266,231,301,305,325,332,330,297,294,267]},"region_attributes":{"Type":"Rays"}},{"shape_attributes":{"name":"circle","cx":158,"cy":201,"r":12},"region_attributes":{"Type":"Bright"}}],"file_attributes":{}},"Ghost_img_D00689260.jpg40080":{"filename":"Ghost_img_D00689260.jpg","size":40080,"regions":[{"shape_attributes":{"name":"circle","cx":197,"cy":155,"r":27.074},"region_attributes":{"Type":"Bright"}},{"shape_attributes":{"name":"ellipse","cx":202,"cy":219,"rx":37.014,"ry":42,"theta":0.027},"region_attributes":{"Type":"Faint"}},{"shape_attributes":{"name":"polyline","all_points_x":[239,265,263,248,234,240],"all_points_y":[278,280,292,296,288,278]},"region_attributes":{"Type":"Bright"}},{"shape_attributes":{"name":"polyline","all_points_x":[223,177,129,117,156,210,232,223,221],"all_points_y":[292,291,248,256,299,314,303,289,293]},"region_attributes":{"Type":"Faint"}},{"shape_attributes":{"name":"ellipse","cx":243,"cy":185,"rx":8,"ry":14.213,"theta":-0.686},"region_attributes":{"Type":"Faint"}}],"file_attributes":{}},"Ghost_img_D00242767.jpg36737":{"filename":"Ghost_img_D00242767.jpg","size":36737,"regions":[{"shape_attributes":{"name":"circle","cx":137,"cy":87,"r":15},"region_attributes":{"Type":"Faint"}},{"shape_attributes":{"name":"polyline","all_points_x":[110,130,125,111,111],"all_points_y":[40,40,15,13,39]},"region_attributes":{"Type":"Faint"}}],"file_attributes":{}},"Ghost_img_D00229997.jpg42006":{"filename":"Ghost_img_D00229997.jpg","size":42006,"regions":[{"shape_attributes":{"name":"circle","cx":242,"cy":317,"r":29.155},"region_attributes":{"Type":"Bright"}},{"shape_attributes":{"name":"ellipse","cx":233,"cy":282,"rx":20,"ry":13,"theta":0},"region_attributes":{"Type":"Bright"}},{"shape_attributes":{"name":"ellipse","cx":179,"cy":142,"rx":38,"ry":36.674,"theta":2.69},"region_attributes":{"Type":"Bright"}},{"shape_attributes":{"name":"circle","cx":219,"cy":246,"r":77.318},"region_attributes":{"Type":"Faint"}},{"shape_attributes":{"name":"circle","cx":205,"cy":222,"r":115},"region_attributes":{"Type":"Faint"}},{"shape_attributes":{"name":"polyline","all_points_x":[63,77,128,179,225,247,228,109,110,82,83,83,63,63],"all_points_y":[80,120,158,153,129,67,7,11,47,45,70,74,74,80]},"region_attributes":{"Type":"Faint"}}],"file_attributes":{}}},"_via_attributes":{"region":{"Type":{"type":"dropdown","description":"","options":{"Bright":"","Faint":"","Rays":""},"default_options":{"Faint":true}}},"file":{}},"_via_data_format_version":"2.0.10","_via_image_id_list":["Ghost_img_D00237996.jpg39726","Ghost_img_D00392686.jpg34203","Ghost_img_D00704855.jpg39578","Ghost_img_D00233402.jpg36852","Ghost_img_D00158776.jpg39523","Ghost_img_D00159567.jpg38021","Ghost_img_D00262262.jpg34531","Ghost_img_D00397397.jpg33674","Ghost_img_D00233510.jpg36825","Ghost_img_D00698804.jpg36319","Ghost_img_D00180575.jpg37079","Ghost_img_D00269295.jpg36053","Ghost_img_D00157823.jpg36963","Ghost_img_D00682166.jpg43336","Ghost_img_D00269664.jpg35499","Ghost_img_D00263565.jpg34582","Ghost_img_D00580885.jpg37254","Ghost_img_D00269603.jpg34221","Ghost_img_D00691256.jpg37119","Ghost_img_D00567860.jpg37537","Ghost_img_D00276974.jpg41070","Ghost_img_D00410193.jpg38475","Ghost_img_D00687294.jpg36807","Ghost_img_D00260520.jpg37479","Ghost_img_D00239303.jpg37239","Ghost_img_D00231048.jpg37973","Ghost_img_D00589019.jpg38363","Ghost_img_D00374799.jpg35259","Ghost_img_D00232191.jpg39832","Ghost_img_D00803215.jpg41976","Ghost_img_D00691561.jpg32073","Ghost_img_D00579770.jpg40076","Ghost_img_D00253153.jpg36294","Ghost_img_D00361535.jpg37956","Ghost_img_D00240787.jpg37850","Ghost_img_D00489445.jpg37609","Ghost_img_D00239617.jpg35209","Ghost_img_D00276088.jpg37250","Ghost_img_D00348833.jpg38154","Ghost_img_D00687610.jpg40213","Ghost_img_D00270968.jpg35883","Ghost_img_D00577288.jpg36824","Ghost_img_D00276750.jpg36047","Ghost_img_D00260134.jpg39659","Ghost_img_D00243237.jpg36225","Ghost_img_D00263697.jpg36780","Ghost_img_D00679251.jpg43766","Ghost_img_D00268808.jpg35224","Ghost_img_D00158759.jpg36914","Ghost_img_D00231121.jpg34718","Ghost_img_D00720422.jpg42893","Ghost_img_D00276373.jpg35786","Ghost_img_D00270419.jpg37437","Ghost_img_D00491190.jpg35019","Ghost_img_D00259402.jpg37544","Ghost_img_D00268935.jpg38293","Ghost_img_D00230840.jpg38631","Ghost_img_D00801470.jpg41468","Ghost_img_D00486804.jpg38323","Ghost_img_D00567861.jpg38115","Ghost_img_D00388641.jpg38255","Ghost_img_D00271591.jpg34709","Ghost_img_D00241150.jpg36472","Ghost_img_D00244282.jpg35376","Ghost_img_D00267009.jpg35323","Ghost_img_D00233090.jpg35623","Ghost_img_D00276758.jpg37000","Ghost_img_D00157834.jpg37138","Ghost_img_D00392117.jpg38995","Ghost_img_D00169963.jpg38847","Ghost_img_D00169620.jpg37201","Ghost_img_D00243866.jpg35454","Ghost_img_D00159127.jpg39952","Ghost_img_D00586689.jpg37548","Ghost_img_D00241002.jpg40011","Ghost_img_D00489479.jpg37199","Ghost_img_D00263512.jpg34590","Ghost_img_D00771514.jpg41548","Ghost_img_D00693146.jpg34427","Ghost_img_D00699583.jpg43287","Ghost_img_D00702348.jpg35029","Ghost_img_D00263605.jpg35307","Ghost_img_D00232774.jpg37980","Ghost_img_D00590337.jpg37200","Ghost_img_D00614399.jpg34961","Ghost_img_D00803243.jpg42274","Ghost_img_D00263110.jpg35822","Ghost_img_D00270425.jpg38037","Ghost_img_D00680925.jpg37897","Ghost_img_D00263690.jpg38173","Ghost_img_D00247579.jpg36719","Ghost_img_D00484831.jpg41266","Ghost_img_D00390659.jpg39740","Ghost_img_D00268438.jpg39338","Ghost_img_D00771515.jpg44574","Ghost_img_D00262573.jpg34386","Ghost_img_D00239582.jpg36614","Ghost_img_D00689260.jpg40080","Ghost_img_D00242767.jpg36737","Ghost_img_D00229997.jpg42006"]}